{"cameraMode":{"drawMode":0,"name":"Shaded","section":"Shading Mode"},"sceneLighting":false,"audioPlay":false,"sceneViewState":{"showFog":true,"showMaterialUpdate":false,"showSkybox":false,"showFlares":true,"showImageEffects":true,"showParticleSystems":true},"in2DMode":false,"pivot":{"x":3.9565935134887697,"y":-27.045753479003908,"z":124.70537567138672},"rotation":{"x":-0.35816091299057009,"y":0.007559864781796932,"z":-0.002900104969739914,"w":-0.933624804019928},"size":6.141659736633301,"orthographic":false}