{"cameraMode":{"drawMode":0,"name":"Shaded","section":"Shading Mode"},"sceneLighting":false,"audioPlay":false,"sceneViewState":{"showFog":true,"showMaterialUpdate":false,"showSkybox":false,"showFlares":true,"showImageEffects":true,"showParticleSystems":true},"in2DMode":false,"pivot":{"x":-2.2219715118408205,"y":9.737394332885743,"z":6.667120933532715},"rotation":{"x":0.155279278755188,"y":0.8410670161247253,"z":-0.40660327672958376,"w":0.32119861245155337},"size":4.545798301696777,"orthographic":false}