{"cameraMode":{"drawMode":0,"name":"Shaded","section":"Shading Mode"},"sceneLighting":false,"audioPlay":false,"sceneViewState":{"showFog":true,"showMaterialUpdate":false,"showSkybox":false,"showFlares":true,"showImageEffects":true,"showParticleSystems":true},"in2DMode":false,"pivot":{"x":190.51388549804688,"y":105.33172607421875,"z":-0.10555196553468704},"rotation":{"x":-0.579541802406311,"y":0.016375258564949037,"z":-0.011648667976260186,"w":-0.8146947622299194},"size":4351.11572265625,"orthographic":false}