{"cameraMode":{"drawMode":0,"name":"Shaded","section":"Shading Mode"},"sceneLighting":false,"audioPlay":false,"sceneViewState":{"showFog":true,"showMaterialUpdate":false,"showSkybox":false,"showFlares":true,"showImageEffects":true,"showParticleSystems":true},"in2DMode":false,"pivot":{"x":0.0001964569091796875,"y":1.081460952758789,"z":-7.0},"rotation":{"x":-0.579541802406311,"y":0.016375258564949037,"z":-0.011648667976260186,"w":-0.8146947622299194},"size":4.316040515899658,"orthographic":false}