{"cameraMode":{"drawMode":0,"name":"Shaded","section":"Shading Mode"},"sceneLighting":false,"audioPlay":false,"sceneViewState":{"showFog":true,"showMaterialUpdate":false,"showSkybox":false,"showFlares":true,"showImageEffects":true,"showParticleSystems":true},"in2DMode":false,"pivot":{"x":4.707045555114746,"y":24.44230842590332,"z":-28.016963958740236},"rotation":{"x":-0.3200761675834656,"y":-0.0022788504138588907,"z":0.0007698296685703099,"w":-0.947388768196106},"size":13.518714904785157,"orthographic":false}