{"cameraMode":{"drawMode":0,"name":"Shaded","section":"Shading Mode"},"sceneLighting":true,"audioPlay":false,"sceneViewState":{"showFog":true,"showMaterialUpdate":false,"showSkybox":true,"showFlares":true,"showImageEffects":true,"showParticleSystems":true},"in2DMode":false,"pivot":{"x":5.088000297546387,"y":2.0,"z":19.992807388305665},"rotation":{"x":-0.579541802406311,"y":0.016375258564949037,"z":-0.011648667976260186,"w":-0.8146947622299194},"size":6.244293689727783,"orthographic":false}