{"cameraMode":{"drawMode":0,"name":"Shaded","section":"Shading Mode"},"sceneLighting":false,"audioPlay":false,"sceneViewState":{"showFog":true,"showMaterialUpdate":false,"showSkybox":false,"showFlares":true,"showImageEffects":true,"showParticleSystems":true},"in2DMode":false,"pivot":{"x":3.9495849609375,"y":-28.739999771118165,"z":122.15290069580078},"rotation":{"x":-0.009737838059663773,"y":-0.8706659078598023,"z":0.01725056767463684,"w":-0.4914758801460266},"size":7.1680827140808109,"orthographic":false}