{"cameraMode":{"drawMode":0,"name":"Shaded","section":"Shading Mode"},"sceneLighting":false,"audioPlay":false,"sceneViewState":{"showFog":true,"showMaterialUpdate":false,"showSkybox":false,"showFlares":true,"showImageEffects":true,"showParticleSystems":true},"in2DMode":false,"pivot":{"x":-5.144783973693848,"y":1.5981831550598145,"z":-7.744016170501709},"rotation":{"x":-0.053380999714136127,"y":-0.9201948046684265,"z":0.13513289391994477,"w":-0.3634984791278839},"size":17.760326385498048,"orthographic":false}