{"cameraMode":{"drawMode":0,"name":"Shaded","section":"Shading Mode"},"sceneLighting":false,"audioPlay":false,"sceneViewState":{"showFog":true,"showMaterialUpdate":false,"showSkybox":false,"showFlares":true,"showImageEffects":true,"showParticleSystems":true},"in2DMode":false,"pivot":{"x":4.682831287384033,"y":14.75,"z":19.606170654296876},"rotation":{"x":0.10143917798995972,"y":-0.6707720756530762,"z":0.09337075799703598,"w":0.7287365198135376},"size":86.16031646728516,"orthographic":false}