{"cameraMode":{"drawMode":0,"name":"Shaded","section":"Shading Mode"},"sceneLighting":true,"audioPlay":false,"sceneViewState":{"showFog":true,"showMaterialUpdate":false,"showSkybox":true,"showFlares":true,"showImageEffects":true,"showParticleSystems":true},"in2DMode":false,"pivot":{"x":-1.7866694927215577,"y":0.8741497993469238,"z":-0.28263819217681887},"rotation":{"x":0.031249817460775377,"y":-0.7615043520927429,"z":0.036816854029893878,"w":0.6463583707809448},"size":4.306164741516113,"orthographic":false}