{"cameraMode":{"drawMode":0,"name":"Shaded","section":"Shading Mode"},"sceneLighting":true,"audioPlay":false,"sceneViewState":{"showFog":true,"showMaterialUpdate":false,"showSkybox":true,"showFlares":true,"showImageEffects":true,"showParticleSystems":true},"in2DMode":false,"pivot":{"x":-0.20898008346557618,"y":-1.3948676586151124,"z":-3.0371203422546388},"rotation":{"x":-0.07652629911899567,"y":0.921010434627533,"z":-0.232716366648674,"w":-0.30286404490470889},"size":10.0,"orthographic":false}