{"cameraMode":{"drawMode":0,"name":"Shaded","section":"Shading Mode"},"sceneLighting":false,"audioPlay":false,"sceneViewState":{"showFog":true,"showMaterialUpdate":false,"showSkybox":false,"showFlares":true,"showImageEffects":true,"showParticleSystems":true},"in2DMode":false,"pivot":{"x":0.0001964569091796875,"y":1.081460952758789,"z":-7.0},"rotation":{"x":-0.1539282500743866,"y":0.7613450288772583,"z":0.19577498733997346,"w":0.5986083745956421},"size":4.316040515899658,"orthographic":false}