{"cameraMode":{"drawMode":0,"name":"Shaded","section":"Shading Mode"},"sceneLighting":true,"audioPlay":false,"sceneViewState":{"showFog":true,"showMaterialUpdate":false,"showSkybox":true,"showFlares":true,"showImageEffects":true,"showParticleSystems":true},"in2DMode":false,"pivot":{"x":1157.5897216796875,"y":303.9052429199219,"z":1425.5723876953125},"rotation":{"x":-0.024988334625959398,"y":0.9591748118400574,"z":-0.08976112306118012,"w":-0.26702484488487246},"size":9.979750633239746,"orthographic":false}