{"cameraMode":{"drawMode":0,"name":"Shaded","section":"Shading Mode"},"sceneLighting":true,"audioPlay":false,"sceneViewState":{"showFog":true,"showMaterialUpdate":false,"showSkybox":true,"showFlares":true,"showImageEffects":true,"showParticleSystems":true},"in2DMode":false,"pivot":{"x":673.9777221679688,"y":133.67181396484376,"z":415.1959228515625},"rotation":{"x":-0.04121635854244232,"y":0.7571589946746826,"z":-0.04799981042742729,"w":-0.6501596570014954},"size":9.979750633239746,"orthographic":false}