{"cameraMode":{"drawMode":0,"name":"Shaded","section":"Shading Mode"},"sceneLighting":true,"audioPlay":false,"sceneViewState":{"showFog":true,"showMaterialUpdate":false,"showSkybox":true,"showFlares":true,"showImageEffects":true,"showParticleSystems":true},"in2DMode":false,"pivot":{"x":9.602150917053223,"y":-25.17123794555664,"z":39.21234130859375},"rotation":{"x":0.13152843713760377,"y":0.29694730043411257,"z":-0.041335564106702808,"w":0.9448883533477783},"size":2.8578948974609377,"orthographic":false}