{"cameraMode":{"drawMode":0,"name":"Shaded","section":"Shading Mode"},"sceneLighting":true,"audioPlay":false,"sceneViewState":{"showFog":true,"showMaterialUpdate":false,"showSkybox":true,"showFlares":true,"showImageEffects":true,"showParticleSystems":true},"in2DMode":false,"pivot":{"x":134.3041229248047,"y":0.014684677124023438,"z":4.124397277832031},"rotation":{"x":0.16507183015346528,"y":0.10628773272037506,"z":-0.01789650321006775,"w":0.9803743958473206},"size":63.92289352416992,"orthographic":false}