{"cameraMode":{"drawMode":0,"name":"Shaded","section":"Shading Mode"},"sceneLighting":true,"audioPlay":false,"sceneViewState":{"showFog":true,"showMaterialUpdate":false,"showSkybox":true,"showFlares":true,"showImageEffects":true,"showParticleSystems":true},"in2DMode":false,"pivot":{"x":118.86520385742188,"y":-3249.492431640625,"z":947.9534912109375},"rotation":{"x":-0.6072049140930176,"y":-0.0544709637761116,"z":0.04178560897707939,"w":-0.7915738224983215},"size":3542.379150390625,"orthographic":false}