{"cameraMode":{"drawMode":0,"name":"Shaded","section":"Shading Mode"},"sceneLighting":false,"audioPlay":false,"sceneViewState":{"showFog":true,"showMaterialUpdate":false,"showSkybox":false,"showFlares":true,"showImageEffects":true,"showParticleSystems":true},"in2DMode":false,"pivot":{"x":-1.9074077606201172,"y":6.2744526863098148,"z":0.5928227305412293},"rotation":{"x":-0.4562743306159973,"y":-0.5258083939552307,"z":0.4045664370059967,"w":-0.5930138230323792},"size":1.2673890590667725,"orthographic":false}