{"cameraMode":{"drawMode":0,"name":"Shaded","section":"Shading Mode"},"sceneLighting":false,"audioPlay":false,"sceneViewState":{"showFog":true,"showMaterialUpdate":false,"showSkybox":false,"showFlares":true,"showImageEffects":true,"showParticleSystems":true},"in2DMode":false,"pivot":{"x":9.960365295410157,"y":8.330551147460938,"z":-15.059066772460938},"rotation":{"x":-0.4908534288406372,"y":-0.025609247386455537,"z":0.014437083154916764,"w":-0.8707460761070252},"size":5.564835548400879,"orthographic":false}