{"cameraMode":{"drawMode":0,"name":"Shaded","section":"Shading Mode"},"sceneLighting":false,"audioPlay":false,"sceneViewState":{"showFog":true,"showMaterialUpdate":false,"showSkybox":false,"showFlares":true,"showImageEffects":true,"showParticleSystems":true},"in2DMode":false,"pivot":{"x":-6.927665710449219,"y":7.287723541259766,"z":3.0309553146362306},"rotation":{"x":-0.5212798714637756,"y":0.047819823026657107,"z":-0.029272619634866716,"w":-0.8515419960021973},"size":34.06349182128906,"orthographic":false}