{"cameraMode":{"drawMode":0,"name":"Shaded","section":"Shading Mode"},"sceneLighting":false,"audioPlay":false,"sceneViewState":{"showFog":true,"showMaterialUpdate":false,"showSkybox":false,"showFlares":true,"showImageEffects":true,"showParticleSystems":true},"in2DMode":false,"pivot":{"x":-0.6548929214477539,"y":1.3726704120635987,"z":-5.258249282836914},"rotation":{"x":-0.07044299691915512,"y":0.7002365589141846,"z":-0.06976985931396485,"w":-0.7069927453994751},"size":15.682222366333008,"orthographic":false}