{"cameraMode":{"drawMode":0,"name":"Shaded","section":"Shading Mode"},"sceneLighting":false,"audioPlay":false,"sceneViewState":{"showFog":true,"showMaterialUpdate":false,"showSkybox":false,"showFlares":true,"showImageEffects":true,"showParticleSystems":true},"in2DMode":false,"pivot":{"x":8.569631576538086,"y":-4.270040988922119,"z":106.21809387207031},"rotation":{"x":-0.43439337611198428,"y":0.1506313979625702,"z":-0.07393893599510193,"w":-0.8849551677703857},"size":11.11187744140625,"orthographic":false}