{"cameraMode":{"drawMode":0,"name":"Shaded","section":"Shading Mode"},"sceneLighting":true,"audioPlay":false,"sceneViewState":{"showFog":true,"showMaterialUpdate":false,"showSkybox":true,"showFlares":true,"showImageEffects":true,"showParticleSystems":true},"in2DMode":false,"pivot":{"x":8.308895111083985,"y":17.359909057617189,"z":17.233020782470704},"rotation":{"x":-0.12091027945280075,"y":0.5357688069343567,"z":-0.07785790413618088,"w":-0.8320280909538269},"size":10.0,"orthographic":false}