{"cameraMode":{"drawMode":0,"name":"Shaded","section":"Shading Mode"},"sceneLighting":true,"audioPlay":false,"sceneViewState":{"showFog":true,"showMaterialUpdate":false,"showSkybox":true,"showFlares":true,"showImageEffects":true,"showParticleSystems":true},"in2DMode":false,"pivot":{"x":40.967811584472659,"y":48.13380432128906,"z":-45.950584411621097},"rotation":{"x":0.0210149884223938,"y":-0.9301575422286987,"z":-0.3625732660293579,"w":-0.05390765517950058},"size":42.57622146606445,"orthographic":false}