{"cameraMode":{"drawMode":0,"name":"Shaded","section":"Shading Mode"},"sceneLighting":false,"audioPlay":false,"sceneViewState":{"showFog":true,"showMaterialUpdate":false,"showSkybox":false,"showFlares":true,"showImageEffects":true,"showParticleSystems":true},"in2DMode":false,"pivot":{"x":3.8259048461914064,"y":-27.993160247802736,"z":122.35079193115235},"rotation":{"x":0.0419594943523407,"y":-0.6794261932373047,"z":0.03899042308330536,"w":0.7315047383308411},"size":8.803503036499024,"orthographic":false}