{"cameraMode":{"drawMode":0,"name":"Shaded","section":"Shading Mode"},"sceneLighting":true,"audioPlay":false,"sceneViewState":{"showFog":true,"showMaterialUpdate":false,"showSkybox":true,"showFlares":true,"showImageEffects":true,"showParticleSystems":true},"in2DMode":false,"pivot":{"x":25.839574813842775,"y":-1.2392569780349732,"z":28.27445411682129},"rotation":{"x":-0.015110528096556664,"y":0.977442741394043,"z":-0.07524211704730988,"w":-0.1967640519142151},"size":52.710906982421878,"orthographic":false}