{"cameraMode":{"drawMode":0,"name":"Shaded","section":"Shading Mode"},"sceneLighting":false,"audioPlay":false,"sceneViewState":{"showFog":true,"showMaterialUpdate":false,"showSkybox":false,"showFlares":true,"showImageEffects":true,"showParticleSystems":true},"in2DMode":false,"pivot":{"x":-12.032772064208985,"y":3.9164586067199709,"z":-11.518312454223633},"rotation":{"x":0.06593804061412811,"y":0.818697452545166,"z":0.0959414392709732,"w":-0.5623005628585815},"size":14.360068321228028,"orthographic":false}