{"cameraMode":{"drawMode":0,"name":"Shaded","section":"Shading Mode"},"sceneLighting":true,"audioPlay":false,"sceneViewState":{"showFog":true,"showMaterialUpdate":false,"showSkybox":true,"showFlares":true,"showImageEffects":true,"showParticleSystems":true},"in2DMode":false,"pivot":{"x":675.4509887695313,"y":396.4462585449219,"z":-669.8892211914063},"rotation":{"x":0.03118121437728405,"y":0.005093159154057503,"z":0.00015858188271522522,"w":-0.9995008111000061},"size":157.99221801757813,"orthographic":false}