{"cameraMode":{"drawMode":0,"name":"Shaded","section":"Shading Mode"},"sceneLighting":false,"audioPlay":false,"sceneViewState":{"showFog":true,"showMaterialUpdate":false,"showSkybox":false,"showFlares":true,"showImageEffects":true,"showParticleSystems":true},"in2DMode":false,"pivot":{"x":0.4490619897842407,"y":4.116558074951172,"z":8.857966423034668},"rotation":{"x":-0.0035720057785511019,"y":0.9959328770637512,"z":-0.04666635021567345,"w":-0.07698797434568405},"size":1.9578838348388672,"orthographic":false}