{"cameraMode":{"drawMode":0,"name":"Shaded","section":"Shading Mode"},"sceneLighting":true,"audioPlay":false,"sceneViewState":{"showFog":true,"showMaterialUpdate":false,"showSkybox":true,"showFlares":true,"showImageEffects":true,"showParticleSystems":true},"in2DMode":false,"pivot":{"x":22.226093292236329,"y":13.016419410705567,"z":-1.857330322265625},"rotation":{"x":-0.14148969948291779,"y":0.4041779935359955,"z":0.06343964487314224,"w":0.901441216468811},"size":18.773237228393556,"orthographic":false}