{"cameraMode":{"drawMode":0,"name":"Shaded","section":"Shading Mode"},"sceneLighting":true,"audioPlay":false,"sceneViewState":{"showFog":true,"showMaterialUpdate":false,"showSkybox":true,"showFlares":true,"showImageEffects":true,"showParticleSystems":true},"in2DMode":false,"pivot":{"x":19.511533737182618,"y":8.254873275756836,"z":83.66085815429688},"rotation":{"x":0.2860965132713318,"y":-0.5164101123809815,"z":0.18824352324008943,"w":0.7848782539367676},"size":22.0,"orthographic":false}