{"cameraMode":{"drawMode":0,"name":"Shaded","section":"Shading Mode"},"sceneLighting":true,"audioPlay":false,"sceneViewState":{"showFog":true,"showMaterialUpdate":false,"showSkybox":true,"showFlares":true,"showImageEffects":true,"showParticleSystems":true},"in2DMode":false,"pivot":{"x":-29.37359619140625,"y":35.151771545410159,"z":19.823074340820314},"rotation":{"x":0.006612337660044432,"y":-0.8832671046257019,"z":0.46865782141685488,"w":0.01246339175850153},"size":30.469242095947267,"orthographic":false}