{"cameraMode":{"drawMode":0,"name":"Shaded","section":"Shading Mode"},"sceneLighting":true,"audioPlay":false,"sceneViewState":{"showFog":true,"showMaterialUpdate":false,"showSkybox":true,"showFlares":true,"showImageEffects":true,"showParticleSystems":true},"in2DMode":false,"pivot":{"x":-3.043170213699341,"y":4.9140472412109379,"z":31.177955627441408},"rotation":{"x":0.29655560851097109,"y":0.14030104875564576,"z":-0.044092196971178058,"w":0.9436240196228027},"size":5.428404331207275,"orthographic":false}