{"cameraMode":{"drawMode":0,"name":"Shaded","section":"Shading Mode"},"sceneLighting":true,"audioPlay":false,"sceneViewState":{"showFog":true,"showMaterialUpdate":false,"showSkybox":true,"showFlares":true,"showImageEffects":true,"showParticleSystems":true},"in2DMode":false,"pivot":{"x":-8.607845306396485,"y":-0.4809455871582031,"z":35.95242691040039},"rotation":{"x":-0.16064944863319398,"y":0.8258684277534485,"z":-0.2914995849132538,"w":-0.4551495909690857},"size":54.542091369628909,"orthographic":false}