{"cameraMode":{"drawMode":0,"name":"Shaded","section":"Shading Mode"},"sceneLighting":false,"audioPlay":false,"sceneViewState":{"showFog":true,"showMaterialUpdate":false,"showSkybox":false,"showFlares":true,"showImageEffects":true,"showParticleSystems":true},"in2DMode":false,"pivot":{"x":0.003596186637878418,"y":1.4901161193847657e-8,"z":0.03930765390396118},"rotation":{"x":-0.1667911410331726,"y":0.7003373503684998,"z":-0.17384281754493714,"w":-0.671927809715271},"size":0.8866859078407288,"orthographic":false}