{"cameraMode":{"drawMode":0,"name":"Shaded","section":"Shading Mode"},"sceneLighting":false,"audioPlay":false,"sceneViewState":{"showFog":true,"showMaterialUpdate":false,"showSkybox":false,"showFlares":true,"showImageEffects":true,"showParticleSystems":true},"in2DMode":false,"pivot":{"x":0.3743603229522705,"y":0.301813006401062,"z":0.14581221342086793},"rotation":{"x":-0.1667911410331726,"y":0.7003373503684998,"z":-0.17384281754493714,"w":-0.671927809715271},"size":0.5911238789558411,"orthographic":false}