{"cameraMode":{"drawMode":0,"name":"Shaded","section":"Shading Mode"},"sceneLighting":true,"audioPlay":false,"sceneViewState":{"showFog":true,"showMaterialUpdate":false,"showSkybox":true,"showFlares":true,"showImageEffects":true,"showParticleSystems":true},"in2DMode":false,"pivot":{"x":14.719697952270508,"y":3.8466272354125978,"z":-10.538358688354493},"rotation":{"x":0.03403595834970474,"y":-0.3475392460823059,"z":0.012624339200556279,"w":0.9369624853134155},"size":8.083316802978516,"orthographic":false}