{"cameraMode":{"drawMode":0,"name":"Shaded","section":"Shading Mode"},"sceneLighting":false,"audioPlay":false,"sceneViewState":{"showFog":true,"showMaterialUpdate":false,"showSkybox":false,"showFlares":true,"showImageEffects":true,"showParticleSystems":true},"in2DMode":false,"pivot":{"x":-3.536113739013672,"y":6.217144012451172,"z":-35.886985778808597},"rotation":{"x":-0.04881606623530388,"y":0.6750878095626831,"z":-0.04480437561869621,"w":-0.7347556948661804},"size":20.24371337890625,"orthographic":false}