{"cameraMode":{"drawMode":0,"name":"Shaded","section":"Shading Mode"},"sceneLighting":true,"audioPlay":false,"sceneViewState":{"showFog":true,"showMaterialUpdate":false,"showSkybox":true,"showFlares":true,"showImageEffects":true,"showParticleSystems":true},"in2DMode":false,"pivot":{"x":130.13560485839845,"y":169.83639526367188,"z":100.43644714355469},"rotation":{"x":-0.04290055111050606,"y":0.9340121150016785,"z":0.12063006311655045,"w":0.3335106670856476},"size":215.79409790039063,"orthographic":false}