{"cameraMode":{"drawMode":0,"name":"Shaded","section":"Shading Mode"},"sceneLighting":false,"audioPlay":false,"sceneViewState":{"showFog":true,"showMaterialUpdate":false,"showSkybox":true,"showFlares":true,"showImageEffects":true,"showParticleSystems":true},"in2DMode":false,"pivot":{"x":-10.731229782104493,"y":-50.08456802368164,"z":44.957298278808597},"rotation":{"x":-0.3825705647468567,"y":0.5087964534759522,"z":-0.26936566829681399,"w":-0.7226397395133972},"size":79.497314453125,"orthographic":false}