{"cameraMode":{"drawMode":0,"name":"Shaded","section":"Shading Mode"},"sceneLighting":false,"audioPlay":false,"sceneViewState":{"showFog":true,"showMaterialUpdate":false,"showSkybox":false,"showFlares":true,"showImageEffects":true,"showParticleSystems":true},"in2DMode":false,"pivot":{"x":-2.9734816551208498,"y":5.75,"z":-55.52125930786133},"rotation":{"x":-0.00953782256692648,"y":0.9893720149993897,"z":-0.07613839209079743,"w":-0.12351113557815552},"size":20.913225173950197,"orthographic":false}