{"cameraMode":{"drawMode":0,"name":"Shaded","section":"Shading Mode"},"sceneLighting":false,"audioPlay":false,"sceneViewState":{"showFog":true,"showMaterialUpdate":false,"showSkybox":true,"showFlares":true,"showImageEffects":true,"showParticleSystems":true},"in2DMode":false,"pivot":{"x":8.096288681030274,"y":7.64842414855957,"z":90.73461151123047},"rotation":{"x":0.07922700047492981,"y":-0.16310010850429536,"z":0.013153191655874253,"w":0.9833354353904724},"size":22.499345779418947,"orthographic":false}