{"cameraMode":{"drawMode":0,"name":"Shaded","section":"Shading Mode"},"sceneLighting":false,"audioPlay":false,"sceneViewState":{"showFog":true,"showMaterialUpdate":false,"showSkybox":true,"showFlares":true,"showImageEffects":true,"showParticleSystems":true},"in2DMode":false,"pivot":{"x":5.166618347167969,"y":-257.9766540527344,"z":70.52194213867188},"rotation":{"x":-0.6929326057434082,"y":0.00800461694598198,"z":-0.0076983533799648289,"w":-0.7209168672561646},"size":403.685302734375,"orthographic":false}