{"cameraMode":{"drawMode":0,"name":"Shaded","section":"Shading Mode"},"sceneLighting":true,"audioPlay":false,"sceneViewState":{"showFog":true,"showMaterialUpdate":false,"showSkybox":false,"showFlares":true,"showImageEffects":true,"showParticleSystems":true},"in2DMode":false,"pivot":{"x":3.7802560329437258,"y":-0.295986533164978,"z":-11.0291748046875},"rotation":{"x":-0.04930959641933441,"y":-0.9182021021842957,"z":0.12108276039361954,"w":-0.3739149868488312},"size":6.692388534545898,"orthographic":false}