{"cameraMode":{"drawMode":0,"name":"Shaded","section":"Shading Mode"},"sceneLighting":true,"audioPlay":false,"sceneViewState":{"showFog":true,"showMaterialUpdate":false,"showSkybox":true,"showFlares":true,"showImageEffects":true,"showParticleSystems":true},"in2DMode":false,"pivot":{"x":121.21167755126953,"y":-130.78677368164063,"z":160.96112060546876},"rotation":{"x":0.31043633818626406,"y":0.4826754331588745,"z":-0.18798913061618806,"w":0.797065794467926},"size":198.205322265625,"orthographic":false}