{"cameraMode":{"drawMode":0,"name":"Shaded","section":"Shading Mode"},"sceneLighting":false,"audioPlay":false,"sceneViewState":{"showFog":true,"showMaterialUpdate":false,"showSkybox":false,"showFlares":true,"showImageEffects":true,"showParticleSystems":true},"in2DMode":false,"pivot":{"x":5.133667945861816,"y":-0.16614103317260743,"z":-7.3078155517578129},"rotation":{"x":-0.0687858983874321,"y":-0.7281421422958374,"z":0.07387585192918778,"w":-0.6779528260231018},"size":6.878117084503174,"orthographic":false}