{"cameraMode":{"drawMode":0,"name":"Shaded","section":"Shading Mode"},"sceneLighting":false,"audioPlay":false,"sceneViewState":{"showFog":true,"showMaterialUpdate":false,"showSkybox":true,"showFlares":true,"showImageEffects":true,"showParticleSystems":true},"in2DMode":false,"pivot":{"x":163.44825744628907,"y":-127.56967163085938,"z":-212.21401977539063},"rotation":{"x":0.3713102638721466,"y":-0.15814851224422456,"z":-0.06434232741594315,"w":-0.912676215171814},"size":5.7157673835754398,"orthographic":false}