{"cameraMode":{"drawMode":0,"name":"Shaded","section":"Shading Mode"},"sceneLighting":true,"audioPlay":false,"sceneViewState":{"showFog":true,"showMaterialUpdate":false,"showSkybox":true,"showFlares":true,"showImageEffects":true,"showParticleSystems":true},"in2DMode":false,"pivot":{"x":37.40725326538086,"y":3.9285643100738527,"z":137.89559936523438},"rotation":{"x":0.0008804919780232012,"y":0.19817937910556794,"z":-0.00017776752065401524,"w":0.9801653623580933},"size":97.78243255615235,"orthographic":false}