{"cameraMode":{"drawMode":0,"name":"Shaded","section":"Shading Mode"},"sceneLighting":false,"audioPlay":false,"sceneViewState":{"showFog":true,"showMaterialUpdate":false,"showSkybox":false,"showFlares":true,"showImageEffects":true,"showParticleSystems":true},"in2DMode":false,"pivot":{"x":-1.969213843345642,"y":2.4319841861724855,"z":-19.564363479614259},"rotation":{"x":-0.0007609236054122448,"y":-0.9992378950119019,"z":-0.02637258730828762,"w":0.028766652569174768},"size":22.0,"orthographic":false}