{"cameraMode":{"drawMode":0,"name":"Shaded","section":"Shading Mode"},"sceneLighting":false,"audioPlay":false,"sceneViewState":{"showFog":true,"showMaterialUpdate":false,"showSkybox":true,"showFlares":true,"showImageEffects":true,"showParticleSystems":true},"in2DMode":false,"pivot":{"x":-20.48978042602539,"y":11.703912734985352,"z":29.536069869995118},"rotation":{"x":0.18843886256217957,"y":-0.5485650300979614,"z":0.12850962579250337,"w":0.8043957948684692},"size":5.7157673835754398,"orthographic":false}