{"cameraMode":{"drawMode":0,"name":"Shaded","section":"Shading Mode"},"sceneLighting":false,"audioPlay":false,"sceneViewState":{"showFog":true,"showMaterialUpdate":false,"showSkybox":false,"showFlares":true,"showImageEffects":true,"showParticleSystems":true},"in2DMode":false,"pivot":{"x":5.960464477539063e-8,"y":0.49900004267692568,"z":-4.76837158203125e-7},"rotation":{"x":-0.1670956313610077,"y":0.15840557217597962,"z":-0.027203159406781198,"w":-0.9727521538734436},"size":7.622315406799316,"orthographic":false}