{"cameraMode":{"drawMode":0,"name":"Shaded","section":"Shading Mode"},"sceneLighting":false,"audioPlay":false,"sceneViewState":{"showFog":true,"showMaterialUpdate":false,"showSkybox":false,"showFlares":true,"showImageEffects":true,"showParticleSystems":true},"in2DMode":false,"pivot":{"x":-0.020653605461120607,"y":0.5408696532249451,"z":-2.9000000953674318},"rotation":{"x":-0.050468843430280688,"y":-0.8730648159980774,"z":0.09255100786685944,"w":-0.4760725498199463},"size":15.106587409973145,"orthographic":false}