{"cameraMode":{"drawMode":0,"name":"Shaded","section":"Shading Mode"},"sceneLighting":false,"audioPlay":false,"sceneViewState":{"showFog":true,"showMaterialUpdate":false,"showSkybox":true,"showFlares":true,"showImageEffects":true,"showParticleSystems":true},"in2DMode":false,"pivot":{"x":6.007530689239502,"y":3.8647353649139406,"z":92.49249267578125},"rotation":{"x":0.42739102244377139,"y":-0.004079402424395084,"z":0.001931871403940022,"w":0.904055655002594},"size":22.25082778930664,"orthographic":false}