{"cameraMode":{"drawMode":0,"name":"Shaded","section":"Shading Mode"},"sceneLighting":false,"audioPlay":false,"sceneViewState":{"showFog":true,"showMaterialUpdate":false,"showSkybox":true,"showFlares":true,"showImageEffects":true,"showParticleSystems":true},"in2DMode":false,"pivot":{"x":-24.136837005615236,"y":62.0407829284668,"z":32.2430419921875},"rotation":{"x":0.432056725025177,"y":0.08874018490314484,"z":-0.04276794567704201,"w":0.8964503407478333},"size":22.997234344482423,"orthographic":false}