{"cameraMode":{"drawMode":0,"name":"Shaded","section":"Shading Mode"},"sceneLighting":true,"audioPlay":false,"sceneViewState":{"showFog":true,"showMaterialUpdate":false,"showSkybox":true,"showFlares":true,"showImageEffects":true,"showParticleSystems":true},"in2DMode":false,"pivot":{"x":6.083454608917236,"y":7.18405818939209,"z":-3.274435043334961},"rotation":{"x":0.0018311998574063182,"y":0.9902424216270447,"z":0.13872922956943513,"w":-0.013070967979729176},"size":10.0,"orthographic":false}