{"cameraMode":{"drawMode":0,"name":"Shaded","section":"Shading Mode"},"sceneLighting":false,"audioPlay":false,"sceneViewState":{"showFog":true,"showMaterialUpdate":false,"showSkybox":false,"showFlares":true,"showImageEffects":true,"showParticleSystems":true},"in2DMode":false,"pivot":{"x":3.862133264541626,"y":-27.982364654541017,"z":122.32050323486328},"rotation":{"x":0.3237423002719879,"y":-0.4992311894893646,"z":0.20820318162441255,"w":0.7762799859046936},"size":8.132194519042969,"orthographic":false}