{"cameraMode":{"drawMode":0,"name":"Shaded","section":"Shading Mode"},"sceneLighting":false,"audioPlay":false,"sceneViewState":{"showFog":true,"showMaterialUpdate":false,"showSkybox":true,"showFlares":true,"showImageEffects":true,"showParticleSystems":true},"in2DMode":false,"pivot":{"x":5.1972761154174809,"y":72.6717529296875,"z":41.16791534423828},"rotation":{"x":0.4300602674484253,"y":-0.013552455231547356,"z":0.006460088770836592,"w":0.9026753902435303},"size":27.335464477539064,"orthographic":false}