{"cameraMode":{"drawMode":0,"name":"Shaded","section":"Shading Mode"},"sceneLighting":false,"audioPlay":false,"sceneViewState":{"showFog":true,"showMaterialUpdate":false,"showSkybox":true,"showFlares":true,"showImageEffects":true,"showParticleSystems":true},"in2DMode":false,"pivot":{"x":-32.66233825683594,"y":30.07208824157715,"z":67.44546508789063},"rotation":{"x":0.031752198934555057,"y":-0.9426298141479492,"z":0.3187863528728485,"w":0.09389438480138779},"size":5.7157673835754398,"orthographic":false}