{"cameraMode":{"drawMode":0,"name":"Shaded","section":"Shading Mode"},"sceneLighting":true,"audioPlay":false,"sceneViewState":{"showFog":true,"showMaterialUpdate":false,"showSkybox":true,"showFlares":true,"showImageEffects":true,"showParticleSystems":true},"in2DMode":false,"pivot":{"x":37.73749542236328,"y":-1.2750558853149415,"z":19.90447425842285},"rotation":{"x":0.1957879513502121,"y":0.6209909319877625,"z":-0.1640734076499939,"w":0.7410245537757874},"size":25.330305099487306,"orthographic":false}