{"cameraMode":{"drawMode":0,"name":"Shaded","section":"Shading Mode"},"sceneLighting":false,"audioPlay":false,"sceneViewState":{"showFog":true,"showMaterialUpdate":false,"showSkybox":false,"showFlares":true,"showImageEffects":true,"showParticleSystems":true},"in2DMode":false,"pivot":{"x":1083.640380859375,"y":407.24810791015627,"z":-254.4456329345703},"rotation":{"x":-0.025279326364398004,"y":0.9703424572944641,"z":-0.21018092334270478,"w":-0.11670700460672379},"size":1225.0048828125,"orthographic":false}