{"cameraMode":{"drawMode":0,"name":"Shaded","section":"Shading Mode"},"sceneLighting":false,"audioPlay":false,"sceneViewState":{"showFog":true,"showMaterialUpdate":false,"showSkybox":false,"showFlares":true,"showImageEffects":true,"showParticleSystems":true},"in2DMode":false,"pivot":{"x":0.0023974627256393434,"y":7.450580596923828e-9,"z":0.0928717628121376},"rotation":{"x":0.14194050431251527,"y":-0.07269106805324555,"z":0.010452237911522389,"w":0.9871472716331482},"size":0.5911238789558411,"orthographic":false}