{"cameraMode":{"drawMode":0,"name":"Shaded","section":"Shading Mode"},"sceneLighting":false,"audioPlay":false,"sceneViewState":{"showFog":true,"showMaterialUpdate":false,"showSkybox":false,"showFlares":true,"showImageEffects":true,"showParticleSystems":true},"in2DMode":false,"pivot":{"x":3.9495849609375,"y":-28.739999771118165,"z":122.15290069580078},"rotation":{"x":-0.29009950160980227,"y":0.5513215661048889,"z":-0.21244902908802033,"w":-0.7528295516967773},"size":4.041658401489258,"orthographic":false}