{"cameraMode":{"drawMode":0,"name":"Shaded","section":"Shading Mode"},"sceneLighting":false,"audioPlay":false,"sceneViewState":{"showFog":true,"showMaterialUpdate":false,"showSkybox":true,"showFlares":true,"showImageEffects":true,"showParticleSystems":true},"in2DMode":false,"pivot":{"x":1.8451147079467774,"y":28.82979965209961,"z":-4.012146472930908},"rotation":{"x":0.46252912282943728,"y":-0.12687011063098908,"z":0.06707040220499039,"w":0.8749127984046936},"size":10.0,"orthographic":false}