{"cameraMode":{"drawMode":0,"name":"Shaded","section":"Shading Mode"},"sceneLighting":false,"audioPlay":false,"sceneViewState":{"showFog":true,"showMaterialUpdate":false,"showSkybox":false,"showFlares":true,"showImageEffects":true,"showParticleSystems":true},"in2DMode":false,"pivot":{"x":2.6927478313446047,"y":0.8417279720306397,"z":-8.004490852355957},"rotation":{"x":-0.0014723266940563918,"y":0.9660367965698242,"z":-0.258341908454895,"w":-0.005505765788257122},"size":4.316040515899658,"orthographic":false}