{"cameraMode":{"drawMode":0,"name":"Shaded","section":"Shading Mode"},"sceneLighting":true,"audioPlay":false,"sceneViewState":{"showFog":true,"showMaterialUpdate":false,"showSkybox":true,"showFlares":true,"showImageEffects":true,"showParticleSystems":true},"in2DMode":false,"pivot":{"x":669.0523071289063,"y":749.1381225585938,"z":-819.1063232421875},"rotation":{"x":0.2387959361076355,"y":-0.053574081510305408,"z":0.01319593470543623,"w":0.9695010185241699},"size":1.261026382446289,"orthographic":false}