{"cameraMode":{"drawMode":0,"name":"Shaded","section":"Shading Mode"},"sceneLighting":false,"audioPlay":false,"sceneViewState":{"showFog":true,"showMaterialUpdate":false,"showSkybox":false,"showFlares":true,"showImageEffects":true,"showParticleSystems":true},"in2DMode":false,"pivot":{"x":3.9495849609375,"y":-28.739999771118165,"z":122.15290069580078},"rotation":{"x":0.2387959361076355,"y":-0.053574081510305408,"z":0.01319593470543623,"w":0.9695010185241699},"size":4.041658401489258,"orthographic":false}