{"cameraMode":{"drawMode":0,"name":"Shaded","section":"Shading Mode"},"sceneLighting":true,"audioPlay":false,"sceneViewState":{"showFog":true,"showMaterialUpdate":false,"showSkybox":true,"showFlares":true,"showImageEffects":true,"showParticleSystems":true},"in2DMode":false,"pivot":{"x":381.12042236328127,"y":459.59027099609377,"z":447.0431213378906},"rotation":{"x":-0.0035769210662692787,"y":0.9828410148620606,"z":-0.18342135846614839,"w":-0.019169263541698457},"size":9.713875770568848,"orthographic":false}