{"cameraMode":{"drawMode":0,"name":"Shaded","section":"Shading Mode"},"sceneLighting":false,"audioPlay":false,"sceneViewState":{"showFog":true,"showMaterialUpdate":false,"showSkybox":false,"showFlares":true,"showImageEffects":true,"showParticleSystems":true},"in2DMode":false,"pivot":{"x":6.813223361968994,"y":-25.411951065063478,"z":124.32931518554688},"rotation":{"x":0.001012499793432653,"y":0.9980410933494568,"z":-0.060264457017183307,"w":0.016769317910075189},"size":11.433055877685547,"orthographic":false}