{"cameraMode":{"drawMode":0,"name":"Shaded","section":"Shading Mode"},"sceneLighting":true,"audioPlay":false,"sceneViewState":{"showFog":true,"showMaterialUpdate":false,"showSkybox":true,"showFlares":true,"showImageEffects":true,"showParticleSystems":true},"in2DMode":false,"pivot":{"x":-34.71266555786133,"y":-7.32029390335083,"z":17.94220733642578},"rotation":{"x":-0.4620412290096283,"y":-0.006646804045885801,"z":0.0034634005278348924,"w":-0.8868268132209778},"size":17.89312744140625,"orthographic":false}