{"cameraMode":{"drawMode":0,"name":"Shaded","section":"Shading Mode"},"sceneLighting":false,"audioPlay":false,"sceneViewState":{"showFog":true,"showMaterialUpdate":false,"showSkybox":false,"showFlares":true,"showImageEffects":true,"showParticleSystems":true},"in2DMode":false,"pivot":{"x":3.8259048461914064,"y":-27.993160247802736,"z":122.35079193115235},"rotation":{"x":-0.4620412290096283,"y":-0.006646804045885801,"z":0.0034634005278348924,"w":-0.8868268132209778},"size":13.397228240966797,"orthographic":false}