{"cameraMode":{"drawMode":0,"name":"Shaded","section":"Shading Mode"},"sceneLighting":false,"audioPlay":false,"sceneViewState":{"showFog":true,"showMaterialUpdate":false,"showSkybox":false,"showFlares":true,"showImageEffects":true,"showParticleSystems":true},"in2DMode":false,"pivot":{"x":-0.00774267315864563,"y":0.0,"z":-0.020107269287109376},"rotation":{"x":-0.1520472764968872,"y":0.7830050587654114,"z":-0.21065393090248109,"w":-0.5651633739471436},"size":2.805525302886963,"orthographic":false}