{"cameraMode":{"drawMode":0,"name":"Shaded","section":"Shading Mode"},"sceneLighting":true,"audioPlay":false,"sceneViewState":{"showFog":true,"showMaterialUpdate":false,"showSkybox":true,"showFlares":true,"showImageEffects":true,"showParticleSystems":true},"in2DMode":false,"pivot":{"x":-57.339683532714847,"y":-0.6085376739501953,"z":41.41910171508789},"rotation":{"x":0.37954697012901308,"y":0.021653534844517709,"z":-0.008884269744157792,"w":0.9248763918876648},"size":15.261100769042969,"orthographic":false}