{"cameraMode":{"drawMode":0,"name":"Shaded","section":"Shading Mode"},"sceneLighting":false,"audioPlay":false,"sceneViewState":{"showFog":true,"showMaterialUpdate":false,"showSkybox":false,"showFlares":true,"showImageEffects":true,"showParticleSystems":true},"in2DMode":false,"pivot":{"x":-0.9773330688476563,"y":-0.026197031140327455,"z":-0.9885172247886658},"rotation":{"x":0.00026752377743832767,"y":-0.999282717704773,"z":-0.03717688098549843,"w":-0.007202673703432083},"size":1.1719045639038087,"orthographic":false}