{"cameraMode":{"drawMode":0,"name":"Shaded","section":"Shading Mode"},"sceneLighting":false,"audioPlay":false,"sceneViewState":{"showFog":true,"showMaterialUpdate":false,"showSkybox":false,"showFlares":true,"showImageEffects":true,"showParticleSystems":true},"in2DMode":false,"pivot":{"x":0.055619485676288608,"y":0.36263328790664675,"z":0.07015780359506607},"rotation":{"x":-0.16483856737613679,"y":0.7259988188743591,"z":-0.641014814376831,"w":-0.18669231235980988},"size":0.9457985758781433,"orthographic":false}