{"cameraMode":{"drawMode":0,"name":"Shaded","section":"Shading Mode"},"sceneLighting":false,"audioPlay":false,"sceneViewState":{"showFog":true,"showMaterialUpdate":false,"showSkybox":false,"showFlares":true,"showImageEffects":true,"showParticleSystems":true},"in2DMode":false,"pivot":{"x":-135.99818420410157,"y":107.21375274658203,"z":-13.43099594116211},"rotation":{"x":-0.2690174877643585,"y":-0.7077464461326599,"z":0.3421517312526703,"w":-0.5564680695533752},"size":31.575220108032228,"orthographic":false}