{"cameraMode":{"drawMode":0,"name":"Shaded","section":"Shading Mode"},"sceneLighting":true,"audioPlay":false,"sceneViewState":{"showFog":true,"showMaterialUpdate":false,"showSkybox":true,"showFlares":true,"showImageEffects":true,"showParticleSystems":true},"in2DMode":false,"pivot":{"x":-42.906822204589847,"y":-47.332725524902347,"z":88.34651184082031},"rotation":{"x":0.3434654772281647,"y":-0.5103723406791687,"z":0.23271749913692475,"w":0.7532557249069214},"size":79.5252914428711,"orthographic":false}