{"cameraMode":{"drawMode":0,"name":"Shaded","section":"Shading Mode"},"sceneLighting":true,"audioPlay":false,"sceneViewState":{"showFog":true,"showMaterialUpdate":false,"showSkybox":true,"showFlares":true,"showImageEffects":true,"showParticleSystems":true},"in2DMode":false,"pivot":{"x":902.1322021484375,"y":600.61181640625,"z":-26.9512939453125},"rotation":{"x":0.09463962912559509,"y":0.025379445403814317,"z":-0.0024132009129971267,"w":0.995185136795044},"size":1314.5999755859375,"orthographic":false}