{"cameraMode":{"drawMode":0,"name":"Shaded","section":"Shading Mode"},"sceneLighting":true,"audioPlay":false,"sceneViewState":{"showFog":true,"showMaterialUpdate":false,"showSkybox":true,"showFlares":true,"showImageEffects":true,"showParticleSystems":true},"in2DMode":false,"pivot":{"x":934.2035522460938,"y":641.7000732421875,"z":136.7314453125},"rotation":{"x":0.04610831290483475,"y":0.05183396488428116,"z":0.002396103460341692,"w":-0.9975878596305847},"size":1517.3912353515625,"orthographic":false}