{"cameraMode":{"drawMode":0,"name":"Shaded","section":"Shading Mode"},"sceneLighting":false,"audioPlay":false,"sceneViewState":{"showFog":true,"showMaterialUpdate":false,"showSkybox":false,"showFlares":true,"showImageEffects":true,"showParticleSystems":true},"in2DMode":false,"pivot":{"x":-0.036000728607177737,"y":-2.4116289615631105,"z":5.038256645202637},"rotation":{"x":-0.17624397575855256,"y":0.03896650671958923,"z":-0.006982253398746252,"w":-0.9835501909255981},"size":22.0,"orthographic":false}