{"cameraMode":{"drawMode":0,"name":"Shaded","section":"Shading Mode"},"sceneLighting":false,"audioPlay":false,"sceneViewState":{"showFog":true,"showMaterialUpdate":false,"showSkybox":false,"showFlares":true,"showImageEffects":true,"showParticleSystems":true},"in2DMode":false,"pivot":{"x":-0.07935023307800293,"y":1.4919569492340088,"z":-5.638697147369385},"rotation":{"x":0.2671610116958618,"y":-0.5217763781547546,"z":0.17628563940525056,"w":0.7907577753067017},"size":4.316040515899658,"orthographic":false}