{"cameraMode":{"drawMode":0,"name":"Shaded","section":"Shading Mode"},"sceneLighting":false,"audioPlay":false,"sceneViewState":{"showFog":true,"showMaterialUpdate":false,"showSkybox":false,"showFlares":true,"showImageEffects":true,"showParticleSystems":true},"in2DMode":false,"pivot":{"x":0.0,"y":-0.017644643783569337,"z":0.016514748334884645},"rotation":{"x":0.2675571143627167,"y":-0.6555472016334534,"z":0.2685587704181671,"w":0.6531059145927429},"size":5.571192264556885,"orthographic":false}