{"cameraMode":{"drawMode":0,"name":"Shaded","section":"Shading Mode"},"sceneLighting":true,"audioPlay":false,"sceneViewState":{"showFog":true,"showMaterialUpdate":false,"showSkybox":true,"showFlares":true,"showImageEffects":true,"showParticleSystems":true},"in2DMode":false,"pivot":{"x":576.0010986328125,"y":376.1839599609375,"z":-12.8099365234375},"rotation":{"x":0.02216714806854725,"y":-0.0323127917945385,"z":-0.0007157259387895465,"w":-0.99923175573349},"size":614.6265869140625,"orthographic":false}