{"cameraMode":{"drawMode":0,"name":"Shaded","section":"Shading Mode"},"sceneLighting":true,"audioPlay":false,"sceneViewState":{"showFog":true,"showMaterialUpdate":false,"showSkybox":true,"showFlares":true,"showImageEffects":true,"showParticleSystems":true},"in2DMode":false,"pivot":{"x":15.10113525390625,"y":47.836952209472659,"z":48.93025588989258},"rotation":{"x":-0.04059102386236191,"y":-0.8296492695808411,"z":0.5534729957580566,"w":-0.060845211148262027},"size":2.8578836917877199,"orthographic":false}