{"cameraMode":{"drawMode":0,"name":"Shaded","section":"Shading Mode"},"sceneLighting":false,"audioPlay":false,"sceneViewState":{"showFog":true,"showMaterialUpdate":false,"showSkybox":false,"showFlares":true,"showImageEffects":true,"showParticleSystems":true},"in2DMode":false,"pivot":{"x":-0.16708064079284669,"y":1.6077600717544556,"z":-14.349296569824219},"rotation":{"x":-0.0009268489666283131,"y":-0.9987090826034546,"z":0.019786842167377473,"w":-0.04677455127239227},"size":12.012182235717774,"orthographic":false}