{"cameraMode":{"drawMode":0,"name":"Shaded","section":"Shading Mode"},"sceneLighting":true,"audioPlay":false,"sceneViewState":{"showFog":true,"showMaterialUpdate":false,"showSkybox":true,"showFlares":true,"showImageEffects":true,"showParticleSystems":true},"in2DMode":false,"pivot":{"x":-37.6164665222168,"y":0.10788297653198242,"z":10.120918273925782},"rotation":{"x":0.030545426532626153,"y":0.9563600420951843,"z":-0.26963934302330019,"w":0.10833768546581269},"size":3.453737735748291,"orthographic":false}